customerID,Churn
1830-IPXVJ,0.016492413574579298
5003-OKNNK,0.03717244805997608
8043-PNYSD,0.016492413574579298
8990-ZXLSU,0.49209131506083864
5701-ZIKJE,0.2001095971165747
2877-VDUER,0.0745135733726623
8266-VBFQL,0.6464781351697024
6668-CNMFP,0.17147231088990114
8261-GWDBQ,0.07349946331649673
2506-TNFCO,0.8807769705793046
5095-ETBRJ,0.02315072277036207
7252-NTGSS,0.6098800414224269
2800-VEQXM,0.6772438603693451
4786-UKSNZ,0.30815374823633745
6736-DHUQI,0.043094506090482224
6345-FZOQH,0.017271390965452663
4940-KHCWD,0.023307793689910174
7285-KLOTR,0.16928865367934037
5442-BXVND,0.06654186212905515
2878-DHMIN,0.04099071294018662
6502-HCJTI,0.6142091028723348
5022-JNQEQ,0.4450931986369846
6652-YFFJO,0.4612709484865752
3339-EAQNV,0.12334380333569557
3756-VNWDH,0.22754879282189855
2651-ZCBXV,0.08012865475616988
4853-RULSV,0.22440936578854656
2672-DZUOY,0.7579036770178446
2927-CVULT,0.07030876776028888
4385-GZQXV,0.5856510974685406
4686-GEFRM,0.08624272376387032
1097-FSPVW,0.10500776374641187
4625-LAMOB,0.019778153881997624
8739-QOTTN,0.1809394504123275
1271-SJBGZ,0.42789862998419764
7228-PAQPD,0.1109470406096067
6990-YNRIO,0.05232820598796165
3678-MNGZX,0.016691209550967548
2362-IBOOY,0.5257087213845948
3049-SOLAY,0.8220134161000671
6198-PNNSZ,0.13026610623757273
4139-JPIAM,0.10880559464831752
1100-DDVRV,0.2690017752406458
7921-LMDFQ,0.20755313928633115
1028-FFNJK,0.6030256393376421
6608-QQLVK,0.6318675404668336
4694-PHWFW,0.0974146339772446
6007-TCTST,0.052230423462676166
6202-DYYFX,0.19114131100297016
6275-YDUVO,0.66276246061192
0253-ZTEOB,0.060673697823157305
6861-XWTWQ,0.8486418559953468
4632-PAOYU,0.03092810341404151
9691-HKOVS,0.11337688925887193
9327-QSDED,0.24154679975920143
0280-XJGEX,0.4158140945220435
6078-VESFR,0.49888073792600024
7566-DSRLQ,0.1137271574123667
4652-ODEVH,0.02090234459603023
2107-FBPTK,0.5094830150108469
3873-NFTGI,0.25608101669540345
4349-GFQHK,0.5688339473644308
8984-EYLLL,0.14358120652019798
2364-UFROM,0.05493609596187411
9898-KZQDZ,0.2752719899521649
1907-UBQFC,0.5597692688042217
3768-NLUBH,0.4132900938879432
8183-ONMXC,0.66547579235577
8637-XJIVR,0.6047210505494744
1965-DDBWU,0.401139274833803
4480-QQRHC,0.5613410316724958
4806-DXQCE,0.10738592808915133
7254-IQWOZ,0.6067552133730979
9405-GPBBG,0.09370042830918004
8100-HZZLJ,0.1791513283216335
2729-VNVAP,0.019072043347367163
2150-WLKUW,0.07530863572163689
4505-EXZHB,0.6355359150280522
1619-YWUBB,0.02217835877377457
5304-EFJLP,0.08627331213487636
7394-LWLYN,0.7254729056470106
7129-AZJDE,0.18088132345275623
5649-ANRML,0.597430008960932
2898-LSJGD,0.1900748016992854
9796-MVYXX,0.05496028771308946
6407-GSJNL,0.021179887291925104
5740-YHGTW,0.16443503404285617
9248-OJYKK,0.8630388784739529
5419-CONWX,0.6567793598876815
7537-CBQUZ,0.26973878885683333
4892-VLANZ,0.3060212315298478
1697-LYYYX,0.025430317678530923
9504-DSHWM,0.10275349614372971
6328-ZPBGN,0.6972590221720784
9050-QLROH,0.3997181708910211
9873-MNDKV,0.23416221723188999
7233-IOQNP,0.10295164556934006
3374-TTZTK,0.10628643325106088
1084-UQCHV,0.6926288120795974
7407-SUJIZ,0.06768386257409835
2034-GDRCN,0.7946958648597846
0761-AETCS,0.26155182111533115
3957-HHLMR,0.045931903746234466
0011-IGKFF,0.5979273343858716
1444-VVSGW,0.11162597024213425
2798-NYLMZ,0.07324208975927729
9558-IHEZX,0.07393418562174565
6807-SIWJI,0.2670844143227632
0820-FNRNX,0.1561996780650214
5934-TSSAU,0.3284359920155287
5899-OUVKV,0.4680224961195748
3976-NLDEZ,0.2699454667811605
7860-KSUGX,0.02338172381047203
3780-DDGSE,0.23923552953124094
6424-ELEYH,0.6643367685302192
3481-JHUZH,0.4119943834424727
4078-SAYYN,0.7712634520218443
3617-XLSGQ,0.06261997908029862
7572-KPVKK,0.13825686784268393
5774-QPLTF,0.033137609619317394
0378-CJKPV,0.0421912518839359
7207-RMRDB,0.38578877661622224
7785-RDVIG,0.1594088664368008
5626-MGTUK,0.3267047564668297
4959-JOSRX,0.3869006790039312
2061-VVFST,0.06520119347282277
9866-QEVEE,0.44237977575764226
0036-IHMOT,0.17113798610652217
5698-BQJOH,0.695239184257529
8749-CLJXC,0.3060212315298478
9378-FXTIZ,0.14240577596162257
9965-YOKZB,0.7315110976293997
6537-OTKMY,0.27954462202639246
6060-QBMGV,0.016685042736010302
7483-IQWIB,0.409110051109923
2040-LDIWQ,0.04217404862780517
2351-BKRZW,0.0375870794801024
0057-QBUQH,0.039740132619908435
4430-YHXGG,0.19581922751566203
7660-HDPJV,0.8147234325035996
7777-UNYHB,0.110642952042742
2144-ESWKO,0.07518057358696072
8648-PFRMP,0.5521408769627776
1087-GRUYI,0.020210246237880997
6993-YCOBK,0.08985928204065119
3635-JBPSG,0.14131174316819586
7041-TXQJH,0.22983273943699545
0224-HJAPT,0.45825573097378486
5593-SUAOO,0.12296764117451701
1448-CYWKC,0.23290686629323398
9133-AYJZG,0.5325000970782565
2240-HSJQD,0.29764074394120144
4578-PHJYZ,0.09454198882420234
9770-KXGQU,0.11402854407548667
2108-XWMPY,0.4890479014203184
1596-OQSPS,0.24652620441691322
7349-ALMUX,0.025941262723690166
0691-JVSYA,0.1786875574456859
8155-IBNHG,0.3892559205602859
0637-YLETY,0.5127760214536506
9313-QOLTZ,0.08110283105916805
4223-BKEOR,0.06565160512933486
8309-PPCED,0.07761323569752072
9477-LGWQI,0.032797361993483445
2277-BKJKN,0.15573907552239902
5875-YPQFJ,0.8063738231953237
1768-HNVGJ,0.23885767668965163
2845-HSJCY,0.5768401815878521
4526-EXKKN,0.027339218330828155
0311-QYWSS,0.3815897278952803
0567-GGCAC,0.23784076874016225
5180-UCIIQ,0.19363432168074451
3384-CTMSF,0.6077019838461241
2856-HYAPG,0.7574861393156598
8200-KLNYW,0.0614674553570947
9469-WEJBT,0.3619491075051078
7980-MHFLQ,0.015320491832340239
4237-CLSMM,0.19878486424392686
7552-KEYGT,0.020022400456293846
5365-LLFYV,0.5267447174824176
8010-EZLOU,0.5791361358696969
2550-AEVRU,0.05363356006644825
6646-VRFOL,0.52670100554447
8000-REIQB,0.8573898021299107
5296-PSYVW,0.02484009141938782
3487-EARAT,0.047321603543445084
0019-GFNTW,0.03321534317111209
1092-GANHU,0.4888201683855831
6416-YJTTB,0.40104578865700213
6599-SFQVE,0.5517685328072385
2452-SNHFZ,0.189872845013505
0980-FEXWF,0.06962759683195578
9647-ERGBE,0.573376252218682
1409-PHXTF,0.2039896986401838
6188-UXBBR,0.03748640535374354
9555-SAHUZ,0.10505145615992828
3280-NMUVX,0.027663575974752063
7639-LIAYI,0.037123657416060954
9800-ONTFE,0.37175004394234207
1307-ATKGB,0.46818385581305194
7277-KAMWT,0.026974008477032012
2971-SGAFL,0.37922388813023766
8562-GHPPI,0.33225786966861565
2229-DPMBI,0.028511373657937943
2451-YMUXS,0.030861662769627818
5847-MXBEO,0.03236647545243945
3761-FLYZI,0.3379139178013302
9139-TWBAS,0.06626906108240892
3396-DKDEL,0.05123428153175306
4482-EWFMI,0.7247979681173009
9490-DFPMD,0.40641214035274587
2882-WDTBA,0.024403361846253833
7893-IXHRQ,0.32481162308291817
0793-TWELN,0.6369801906195448
2155-AMQRX,0.1510862092355374
4531-AUZNK,0.08769617602616821
3190-FZATL,0.0789432536598058
3071-VBYPO,0.42007601242904324
0093-XWZFY,0.42855217522377126
5884-GCYMI,0.6112586048990734
6725-TPKJO,0.019970388977447226
7181-OQCUT,0.39892870651315676
9548-LIGTA,0.027413392306883323
4075-WKNIU,0.11181259729936532
1548-FEHVL,0.32790824937740454
1194-BHJYC,0.04181680792310022
4565-NLZBV,0.02083990732578346
8016-ZMGMO,0.09227243860527054
5959-BELXA,0.512732057878123
5222-IMUKT,0.3890379472252839
6538-POCHL,0.29401716362182906
5597-GLBUC,0.8138209608448415
7929-SKFGK,0.04635135493794629
1134-YWTYF,0.1883917324131518
5766-XQXMQ,0.12482465067690685
8775-LHDJH,0.8589731522095009
0219-YTZUE,0.622020699648634
6551-VLJMV,0.019970388977447226
9170-ARBTB,0.02843343866881378
7005-CYUIL,0.0814682507531227
1450-GALXR,0.6383747673420046
6023-YEBUP,0.7911100454346571
2230-XTUWL,0.01889952632338527
3071-MVJCD,0.01820696445734143
5572-ZDXHY,0.35546289570891476
1496-GGSUK,0.7536482038450848
4826-XTSOH,0.8913383079605322
1810-MVMAI,0.12090204059888973
8190-ZTQFB,0.22624622925934315
2338-BQEZT,0.08035879975965589
3120-FAZKD,0.02339807069817363
2263-SFSQZ,0.0231212728130871
0082-LDZUE,0.5447884234676326
7251-XFOIL,0.1738088765069093
2656-FMOKZ,0.5402621387704759
6873-UDNLD,0.20815050339453417
7684-XSZIY,0.015742995463774785
9738-QLWTP,0.13342587055172422
3547-LQRIK,0.05267120256937006
2792-VPPET,0.2692565639765223
7824-PANSQ,0.1561710895605446
7191-ADRGF,0.06587571581571056
4109-CYRBD,0.317496622935145
3205-MXZRA,0.08151090259530255
3565-UNOCC,0.5164621611113115
9025-ZRPVR,0.11815036483587803
2722-JMONI,0.6850133886753439
0463-WZZKO,0.2202572652293228
4018-PPNDW,0.02054449684983698
2386-OWURY,0.3211317545003896
9058-MJLZC,0.5422826306177084
4389-UEFCZ,0.1464043768539801
9758-MFWGD,0.07679170215498782
0423-UDIJQ,0.2123381092905291
3462-BJQQA,0.7231947167613707
7096-ZNBZI,0.020109802907886512
2430-USGXP,0.682335509679353
0432-CAJZV,0.6224776342816214
8943-URTMR,0.6883664626331447
0380-NEAVX,0.3480288133422368
6100-FJZDG,0.0361446655704689
5820-PTRYM,0.05692878024074063
8915-NNTRC,0.04698439600359274
2788-CJQAQ,0.04323210622791576
1915-OAKWD,0.04637826438836614
8372-JUXUI,0.8207404483127367
7274-RTAPZ,0.8407017057969927
8313-KTIHG,0.43847995540609386
3707-GNWHM,0.7734344078574461
8566-YPRGL,0.33178478645600495
5372-FBKBN,0.06538298042334195
4933-IKULF,0.04350340326300452
1724-IQWNM,0.2853140048162368
5640-CAXOA,0.11378752016445998
0491-KAPQG,0.5009362545745438
6402-SSEJG,0.12444339626793591
3744-ZBHON,0.2270412836761924
5922-ABDVO,0.334633693159943
2190-BCXEC,0.3466765458978923
1685-BQULA,0.3172771859421801
8815-LMFLX,0.09760326679273879
9367-WXLCH,0.5385732991876394
8780-YRMTT,0.028728794612529637
1422-DGUBX,0.20094321977239962
4652-NNHNY,0.4744178114964757
1732-FEKLD,0.16053428281630303
0817-HSUSE,0.5628829925611238
7722-VJRQD,0.02433455884361823
0853-NWIFK,0.21298951194986657
6166-YIPFO,0.09089378242856905
4195-PNGZS,0.017951520806134737
5605-IYGFG,0.4040800566527085
3262-EIDHV,0.021783023013361345
8200-LGKSR,0.03803517380305697
7047-FWEYA,0.3729630830437303
9074-KGVOX,0.13222408659298124
6024-RUGGH,0.017965113845875565
0811-GSDTP,0.2941018659072263
8065-YKXKD,0.6582055608773387
7083-YNSKY,0.11300164742209258
7601-WFVZV,0.2930021433943568
8630-QSGXK,0.056795367054350746
0310-MVLET,0.27718974049288553
6215-NQCPY,0.6369777441984206
9488-FYQAU,0.08795355127870554
3275-RHRNE,0.1022700993491488
1725-MIMXW,0.33522473084619103
4176-FXYBO,0.3412406122384824
4860-YZGZM,0.12186746186272986
6137-MFAJN,0.20907912816522745
9031-ZVQPT,0.1137271574123667
6005-OBZPH,0.5540751280289073
1641-BYBTK,0.16052665627473506
2573-GYRUU,0.3408294224189156
5529-GIBVH,0.021134793083826695
4661-NJEUX,0.345684544260009
0363-QJVFX,0.2988313570813596
2858-EIMXH,0.24310646303344768
7159-NOKYQ,0.12429221512606761
0678-RLHVP,0.16000576178424022
2720-FVBQP,0.43424413373550513
9300-RENDD,0.827465007046371
4718-DHSMV,0.4338003842038602
3703-VAVCL,0.468230788680776
8601-QACRS,0.48837840698441043
3351-NQLDI,0.07863790295212988
1402-PTHGN,0.046642936754461975
3663-MITLP,0.5963979716061123
0840-DCNZE,0.0656052688268527
7774-OJSXI,0.38099078813601334
8148-NLEGT,0.03185544441215132
1143-NMNQJ,0.8104898197370064
6898-RBTLU,0.03798943158911197
1956-YIFGE,0.30036461021612476
2845-KDHVX,0.038506491289129044
2761-XECQW,0.39679090829021496
2460-NGXBJ,0.535989802060309
2162-FRZAA,0.02305545065160813
6743-HHQPF,0.2231993184445892
6635-MYYYZ,0.04972528423305471
4897-QSUYC,0.5624852547888057
4933-BSAIP,0.019970388977447226
7247-XOZPB,0.045112302688427364
5628-RKIFK,0.27049697774583403
0106-UGRDO,0.09660652920894608
9412-ARGBX,0.07499407635498598
6048-QBXKL,0.5614259475008779
8595-SIZNC,0.04583205600163334
0581-BXBUB,0.566437633598475
2194-IIQOF,0.028434414975444185
3070-DVEYC,0.5588235897271402
8819-WFGGJ,0.04862190743938899
9793-WECQC,0.37897288248437205
6198-RTPMF,0.5327962713555999
2135-RXIHG,0.7174510750493539
4581-LNWUM,0.41547034905444935
4366-CTOUZ,0.11102509242754152
1925-LFCZZ,0.1539780391529738
2959-MJHIC,0.7172296564009365
1767-TGTKO,0.44864587199552586
7765-LWVVH,0.07213130809154356
7343-EOBEU,0.21546322700133236
5384-ZTTWP,0.0789432536598058
9522-ZSINC,0.06900948063740195
5143-EGQFK,0.37833631034716114
5360-LJCNJ,0.1136037777602924
0115-TFERT,0.599281256021161
9249-FXSCK,0.1523840909035878
5311-IHLEI,0.20448279930845037
0295-PPHDO,0.905084675428271
3500-NSDOA,0.031029275404054913
0096-BXERS,0.4501200535662752
9507-HSMMZ,0.019307046393522063
7516-GMHUV,0.12182124471507354
8402-OOOHJ,0.019778153881997624
9489-UTFKA,0.25045151590839543
6072-NUQCB,0.03092810341404151
5884-FBCTL,0.015742995463774785
5917-HBSDW,0.08925282768342072
0495-RVCBF,0.8255375741676184
8735-NBLWT,0.112314851696781
8194-PEEBY,0.0316129350581163
0442-TDYUO,0.0232287083832088
4526-ZJJTM,0.3332954805192729
3528-HFRIQ,0.1840645582331204
7030-FZTFM,0.05502082106393231
2519-FAKOD,0.4236226195756841
2546-KZAAT,0.06749355856824168
6629-CZTTH,0.5644558370115254
8992-CEUEN,0.24754015518628558
3721-CNEYS,0.6846983756231084
7613-LLQFO,0.6591228939395353
7530-HDYDS,0.2601955453274236
5287-QWLKY,0.22203460917459195
7251-LJBQN,0.27814246543111576
3021-VLNRJ,0.04659277107954396
1866-DIOQZ,0.07533925487917896
1689-MRZQR,0.36152449799187497
3334-CTHOL,0.5562087833175281
6331-LWDTQ,0.42226476298435367
1485-YDHMM,0.20978809007625232
5122-CYFXA,0.3897188797408915
0042-JVWOJ,0.03895849407578862
5748-RNCJT,0.10134340960579455
0197-PNKNK,0.05188046888862233
7994-XIRTR,0.076272552634351
8480-PPONV,0.05072512518218756
5844-QVTAT,0.05138994834294788
8161-QYMTT,0.8083216309773952
6741-QRLUP,0.028175857058591394
1352-VHKAJ,0.1491982081165692
6718-BDGHG,0.09345669876528082
4116-IQRFR,0.11127268845003829
4159-NAAIX,0.08809238782862717
6568-POCUI,0.09652630820144362
8199-ZLLSA,0.11696462987416627
1986-PHGZF,0.1823634182858998
8158-WPEZG,0.31614186247694903
6114-TCFID,0.04904058847567315
2432-TFSMK,0.19794502868776356
1480-IVEVR,0.1847149643223809
5570-PTWEH,0.6755050496860776
4518-FZBSX,0.02912062490237988
6701-YVNQG,0.02530012720804317
3389-YGYAI,0.7821310577786804
6959-GQEGV,0.22113454056760515
2430-RRYUW,0.04318968037771206
4293-ETKAP,0.042079629010330605
8577-QSOCG,0.0224501671647109
8314-DPQHL,0.10357546756306399
3509-GWQGF,0.34484608148887413
5090-EMGTC,0.09761369688291997
4482-FTFFX,0.3128635582837515
8221-HVAYI,0.03375753829307621
0531-XBKMM,0.01976001416300648
1085-LDWAM,0.0282128407263817
7854-FOKSF,0.7351163660005154
2101-RANCD,0.32991007543243245
5913-INRQV,0.08693586203443722
2446-BEGGB,0.8362678062070552
3284-SVCRO,0.02186193568465956
0231-LXVAP,0.7101209146630532
4329-YPDDQ,0.4082189895213553
8286-AFUYI,0.4647191654668103
7356-IWLFW,0.27963998289978487
2621-UDNLU,0.1627878461810525
9308-ANMVE,0.16982016836090827
3737-XBQDD,0.357771360262401
1360-RCYRT,0.19496305446461554
7560-QJAVJ,0.024799533815245068
7760-OYPDY,0.738221229214625
6869-FGJJC,0.06913412411700373
7217-JYHOQ,0.10420150898949086
5404-GGUKR,0.4477555864797037
2303-PJYHN,0.17317517908285993
0604-THJFP,0.03919997681052931
7139-JZFVG,0.024258946557702395
9504-YAZWB,0.019121072055633008
8348-HFYIV,0.7359563598900978
0325-XBFAC,0.704885984027469
2455-USLMV,0.24687980866946677
1297-VQDRP,0.17087035785285432
0015-UOCOJ,0.41935599696984843
0107-WESLM,0.39442913682946545
9950-MTGYX,0.022308559913536606
4825-FUREZ,0.02768283839186295
7268-IGMFD,0.32318422366568755
0374-FIUCA,0.0198236016989761
7625-XCQRH,0.6417440709972542
4536-PLEQY,0.4824781124566447
3178-CIFOT,0.041217173418325016
1399-OUPJN,0.017156526131884366
3452-ABWRL,0.3962963999389434
5296-BFCYD,0.022667772493968685
1328-EUZHC,0.021488579007887917
5044-LRQAQ,0.5764771091716552
8263-QMNTJ,0.07781090815028964
1323-OOEPC,0.35223584817580567
3758-CKOQL,0.1098784601089046
0277-BKSQP,0.4320457353085255
0013-SMEOE,0.061075911402421926
8668-KNZTI,0.06341949467695915
4393-GEADV,0.04315510022821218
5144-PQCDZ,0.21900566118578924
7299-GNVPL,0.1599369820128392
7905-TVXTA,0.29425327350264896
4815-TUMEQ,0.05550408523209061
4879-GZLFH,0.4304012137794664
5498-TXHLF,0.3673767195832093
5553-AOINX,0.26423582027901604
0259-GBZSH,0.7682043812946755
3230-WYKIR,0.1241391820316828
4138-NAXED,0.1956046483643528
8707-RMEZH,0.07245655482063834
7517-SAWMO,0.3472055677125088
6719-FGEDO,0.03753614994891426
6778-YSNIH,0.5725002278942399
6713-OKOMC,0.24012200937096992
7025-IWFHT,0.1588720875887187
7868-TMWMZ,0.06935936631846917
7363-QTBIW,0.5644757735686041
0739-UUAJR,0.03873961111697561
8152-UOBNY,0.3222408828368274
2626-URJFX,0.5571971585756077
3521-SYVOR,0.32229512479156985
4512-ZUIYL,0.5989625866980787
9392-XBGTD,0.018712495661723696
0749-IRGQE,0.5180860389770483
5641-DMBFJ,0.05687229278457918
6860-YRJZP,0.693089880536349
2123-VSCOT,0.04147957852515057
9068-VPWQQ,0.026536677414381555
7196-LIWRH,0.03529943941785932
2952-QAYZF,0.7041570234829516
0733-VUNUW,0.16479255896594103
0164-APGRB,0.09655337943191915
1482-OXZSY,0.3074492510968671
5832-TRLPB,0.12435193765663237
2472-OVKUP,0.6843442374452865
5940-AHUHD,0.7131621966546047
2930-UOTMB,0.09202910550854611
9489-DEDVP,0.03158814937082695
9722-UJOJR,0.43088520456439916
5914-XRFQB,0.05242747567389394
4183-WCSEP,0.33759677624051554
7537-RBWEA,0.6675360233409906
7853-OETYL,0.4859269152414299
6461-PPAXN,0.0482892769142589
4132-POCZS,0.21497567959431818
1814-WFGVS,0.02245546510034763
0420-BWTPW,0.28832751032701603
8785-CJSHH,0.46133285678833413
0734-OXWBT,0.2854932803807269
4616-EWBNJ,0.03927661937781991
8430-TWCBX,0.030205070836213658
0572-ZJKLT,0.06420010679570352
6711-FLDFB,0.7154135522118313
3982-XWFZQ,0.29138027715932735
0786-IVLAW,0.1599149773487493
8331-ZXFOE,0.038883038458845096
0971-QIFJK,0.019065037180118694
6323-AYBRX,0.018033874210778143
2982-VPSGI,0.7426743552655236
5982-PSMKW,0.040045436693268904
3518-FSTWG,0.07743465590914612
8050-WYBND,0.18125754405060543
5649-TJHOV,0.3058763470689375
9578-VRMNM,0.32640167762338074
5649-VUKMC,0.32777715401263163
4952-YSOGZ,0.777983977500588
6893-ODYYE,0.05877409416148181
6656-GULJQ,0.025969675068700012
8063-RJYNF,0.5602755631968933
2202-CUYXZ,0.8093033818845053
2931-XIQBR,0.14813222906687976
1448-PWKYE,0.7413863780209444
5546-QUERU,0.05205608017049497
1621-YNCJH,0.09554548170609636
8884-FEEWR,0.03047758033238558
4487-ZYJZK,0.029400941158690946
1452-XRSJV,0.09729837042203401
7596-ZYWBB,0.023277156162469954
0377-JBKKT,0.09337633472980149
1635-HDGFT,0.02007379149502689
8095-WANWK,0.24917351312238104
2519-TWKFS,0.08676850375652191
3092-IGHWF,0.09501748729619165
2959-FENLU,0.552585646570418
5567-GZKQY,0.018693879827042154
0618-XWMSS,0.2215787860254928
9746-UGFAC,0.03236647545243945
6967-QIQRV,0.23823378734643744
7590-VHVEG,0.7105901977539547
3668-QPYBK,0.3313381111698087
0318-QUUOB,0.7472513518284317
1226-JZNKR,0.053930487200329606
2504-DSHIH,0.5229049097601385
7130-CTCUS,0.19559131616251696
1062-LHZOD,0.7287228959341756
0440-MOGPM,0.18475260385232914
4195-NZGTA,0.686984298421937
0495-ZBNGW,0.7250605679127239
3082-WQRVY,0.0543655593667948
4083-EUGRJ,0.09339693924260944
3489-HHPFY,0.7866493286734004
2790-XUYMV,0.05697593097814685
8610-WFCJF,0.4914980771293664
6302-JGYRJ,0.06659522584240075
0506-YLVKJ,0.0224501671647109
8738-JOKAR,0.05753449608097158
3508-CFVZL,0.04539502622339223
1508-DFXCU,0.5909275615049121
5982-XMDEX,0.018778242738674435
1612-EOHDH,0.6439051213429391
4508-OEBEY,0.07124543843549287
3638-DIMPH,0.13236211861082536
2710-WYVXG,0.04790660401660919
5318-YKDPV,0.03398556048518244
9809-IMGCQ,0.6933544832873324
2180-DXNEG,0.6886875131797706
1209-VFFOC,0.02915002707189208
3249-ZPQRG,0.6093528774100164
3585-ISXZP,0.6041414731228614
3486-NPGST,0.03047758033238558
9294-TDIPC,0.14126310528363453
8182-PNAGI,0.1818550949979254
0980-PVMRC,0.3192063921225786
7249-WBIYX,0.6841299643978473
6956-SMUCM,0.6704505898421226
7010-ZMVBF,0.06478105495550618
6615-NGGZJ,0.7042749125216344
1754-GKYPY,0.47852390734757705
6127-ISGTU,0.5998973901075962
9593-CVZKR,0.022311698912810585
8173-RXAYP,0.01859914077164282
1895-QTKDO,0.4723517835325788
7542-CYDDM,0.06912451190066479
3896-RCYYE,0.1424755203658276
1704-NRWYE,0.6481656218454638
0816-TSPHQ,0.1809394504123275
2292-XQWSV,0.08300060053864754
3097-FQTVJ,0.019970388977447226
6854-EXGSF,0.22429904832151532
4537-DKTAL,0.5029168828025016
1431-AIDJQ,0.03924361306616115
1972-XMUWV,0.04021112083347222
5233-AOZUF,0.46470429195230434
7743-EXURX,0.30912814487221735
6559-ILWKJ,0.07197418565954872
8614-VGMMV,0.40606257940698176
1571-SAVHK,0.6289862618203408
8050-XGRVL,0.03298929074950478
4237-RLAQD,0.6314435136337019
6876-ADESB,0.639031854499517
2737-YNGYW,0.6384036474703141
8097-VBQTZ,0.08345324938613913
8465-SBRXP,0.09671702112737154
6339-DKLMK,0.4008192861776286
3452-GWUIN,0.6789526885576406
3170-NMYVV,0.018659781557399606
9624-EGDEQ,0.019970388977447226
7993-NQLJE,0.28029187111680365
3810-PJUHR,0.016877796171249154
0784-ZQJZX,0.015051868954458255
1122-YJBCS,0.04318968037771206
6559-PDZLR,0.5502270133949936
2522-AHJXR,0.25049845589656256
9774-NRNAU,0.21271533986862176
8711-LOBKY,0.017117532178098797
1436-ZMJAN,0.36647871751390976
1423-BMPBQ,0.28381643870727563
8619-IJNDK,0.018013944384593562
8332-OSJDW,0.04637155122288592
2251-PYLPB,0.020468647693034806
3068-OMWZA,0.8848240147159417
6465-GSRCL,0.19003707440708
9626-WEQRM,0.44407827526796356
0568-ONFPC,0.17663957079191545
0196-VULGZ,0.8080696510835683
8919-FYFQZ,0.3284217336299162
6898-MDLZW,0.1915772288295463
0804-YGEQV,0.0464286311992055
1187-WILMM,0.030413503727029993
0020-INWCK,0.07788499911613216
0930-EHUZA,0.05194275446833744
6877-TJMBR,0.7198844333199642
1950-KSVVJ,0.1328815553492826
9689-PTNPG,0.738221229214625
5876-QMYLD,0.0316779548450115
7025-WCBNE,0.047517109219454144
8778-LMWTJ,0.4700116394055312
5382-TEMLV,0.13163974987837399
8582-KRHPJ,0.11927848265854604
0506-LVNGN,0.6808287635838032
8620-RJPZN,0.32481162308291817
4951-UKAAQ,0.7287853152293988
3898-GUYTS,0.3768984394437083
1258-YMZNM,0.2662506830605457
8285-ABVLB,0.016685042736010302
7326-RIGQZ,0.6495213333578156
2243-FNMMI,0.06912451190066479
2223-GDSHL,0.05076643633052571
3317-VLGQT,0.5971925125382525
4355-CVPVS,0.12626366852954996
1841-YSJGV,0.0657928244203262
6242-SGYTS,0.07769600100206861
2274-XUATA,0.033573828142214726
4822-RVYBB,0.8132908649542566
9780-FKVVF,0.3352062771238696
8963-JLGJT,0.3047521134352934
8519-IMDHU,0.5715130575332723
7976-CICYS,0.19558088704549934
2592-HODOV,0.04140177153639954
2685-SREOM,0.5320588705859196
3244-DCJWY,0.7734202040117144
6629-LADHQ,0.26687887587717474
6765-MBQNU,0.03518114446888566
1264-BYWMS,0.44499829033692107
8201-AAXCB,0.29212759899457647
6556-DBKZF,0.07922652628588568
6175-IRFIT,0.6164488665250631
7163-OCEQI,0.11823778680714989
5982-FPVQN,0.43260667874196557
8468-FZTOE,0.031773999454883274
9938-EKRGF,0.10351838955289665
9224-VTYID,0.03506987955908569
0228-MAUWC,0.22056649621072866
4634-JLRJT,0.30971920355546195
9846-GKXAS,0.6120970624117571
4614-NUVZD,0.8373378014977884
7322-OCWHC,0.039805876978691125
7752-XUSCI,0.39734011679975656
4459-BBGHE,0.3760108533610095
6156-UZDLF,0.0793594891399265
5533-NHFRF,0.42769679562603
7056-IMHCC,0.5166905006000065
2800-QQUSO,0.4928167226808967
1089-XZWHH,0.024385920674067488
7781-EWARA,0.09434915526292705
2796-UUZZO,0.17276253308682557
0256-LTHVJ,0.43680646953703695
8966-OIQHG,0.03092810341404151
6734-PSBAW,0.020012706977400548
5095-AESKG,0.6565654363970869
9600-NAXZN,0.5472229114520977
6230-BSUXY,0.8524512811169518
6518-PPLMZ,0.021292477080377993
5150-LJNSR,0.13710043634953265
5950-AAAGJ,0.4497508747418139
3583-EKAPL,0.7783661003067965
3511-BFTJW,0.0262301425173213
4378-BZYFP,0.044651459323984094
4203-QGNZA,0.059951693700614324
3920-HIHMQ,0.19630639416574425
3011-WQKSZ,0.1258044383894776
6976-BWGLQ,0.015505384421591535
9256-JTBNZ,0.09443371859310089
6543-XRMYR,0.6157564414177519
7551-DACSP,0.344350790441216
4644-PIZRT,0.0843322340909004
1125-SNVCK,0.13765901272556993
1852-QSWCD,0.023111522659667705
9907-SWKKF,0.7275660835251603
4703-MQYKT,0.021488579007887917
1251-STYSZ,0.684153726772269
4872-VXRIL,0.04472514014114328
4667-QONEA,0.04840791788152944
0929-HYQEW,0.3351560502693086
4079-WWQQQ,0.027748950127061477
3131-NWVFJ,0.037990125929925456
9102-OXKFY,0.04610586425086607
2869-ADAWR,0.30714329440967664
3154-CFSZG,0.2353529074069002
9866-OCCKE,0.06254468444221824
3945-GFWQL,0.36643177269310223
3130-ICDUP,0.43856655250822674
8185-UPYBR,0.7832876026717381
6283-GITPX,0.021400659923718153
4006-HKYHO,0.027803292510689262
3370-HXOPH,0.6621183422016134
8547-NSBBO,0.2141764860439553
2050-ONYDQ,0.01747079781907948
7950-XWOVN,0.2983861115624528
8414-MYSHR,0.8025048390820846
8033-VCZGH,0.2435307818142741
7521-YXVZY,0.17410463149765645
0234-TEVTT,0.06189080889789661
6061-GWWAV,0.05189122313801754
6261-RCVNS,0.04906719545059972
5555-RNPGT,0.09896475860097834
6837-HAEVO,0.16319088401620777
4486-EFAEB,0.14859985792529412
5627-TVBPP,0.03558759296140752
1839-FBNFR,0.022939268756719974
0486-HECZI,0.29642806185090576
2703-AMTUL,0.04053019088421148
8327-LZKAS,0.38261079523353086
8779-QRDMV,0.8384810684096435
5414-OFQCB,0.06199474267091619
8976-OQHGT,0.21657306416477867
3621-CHYVB,0.11027501063526543
2969-QWUBZ,0.5648519612908238
7619-PLRLP,0.05638664946749994
1024-KPRBB,0.1896586315952619
2388-LAESQ,0.061346497238162226
5795-KTGUD,0.08261535171710134
1154-HYWWO,0.04147689888575199
0487-VVUVK,0.07431100926848117
7634-HLQJR,0.020185146867217035
0562-KBDVM,0.0279700726818573
7233-DRTRF,0.29178163857501305
3845-JHAMY,0.42354312620934936
3413-BMNZE,0.6568244433498114
6457-USBER,0.7936862970792046
2545-LXYVJ,0.01579985636074648
7727-SHVZV,0.10050976585173663
6210-KBBPI,0.7033794894497352
9281-PKKZE,0.41297091184851226
2391-SOORI,0.2963269407283824
9418-RUKPH,0.022667772493968685
4182-BGSIQ,0.10317875402610245
3007-FDPEA,0.22446920433247702
2921-XWDJH,0.41689866953921245
8974-OVACP,0.3060212315298478
2452-MRMZF,0.023234064121456826
5642-MHDQT,0.033455261087418205
6204-IEUXJ,0.4452395000731051
3351-NGXYI,0.35876619451849956
7130-VTEWQ,0.693089880536349
5949-XIKAE,0.5462959767103389
3428-XZMAZ,0.8147234325035996
1023-BQXZE,0.0437710526440077
5716-LIBJC,0.4167440060291859
3658-KIBGF,0.41921721094755143
6439-PKTRR,0.029737645283505306
5160-UXJED,0.07060049337587662
7021-XSNYE,0.07445979001943905
1525-LNLOJ,0.05343975206581687
9847-HNVGP,0.03676606508962036
2439-QKJUL,0.14461215200770358
7356-AYNJP,0.16324633451777407
4671-LXRDQ,0.4758665183848984
0330-BGYZE,0.14014667313676912
6614-VBEGU,0.21368767238085706
1550-LOAHA,0.2562245072257243
5231-FIQPA,0.02412557174225891
2393-DIVAI,0.21900566118578924
4510-HIMLV,0.8063738231953237
8329-GWVPJ,0.2788010277145047
5419-KLXBN,0.34885826613746534
1399-UBQIU,0.43028969712552206
3675-YDUPJ,0.11815036483587803
1025-FALIX,0.342451812476326
1744-JHKYS,0.10708591159404901
7903-CMPEY,0.8017036161815221
9975-GPKZU,0.019072043347367163
2025-JKFWI,0.5815908715422977
0366-NQSHS,0.19092365024606076
7524-VRLPL,0.032711936244401225
5161-UBZXI,0.057440873295227624
3106-ULWFW,0.7349322958266471
4013-GUXND,0.2699454667811605
7492-TAFJD,0.06587286466337636
1245-HARPS,0.03185220750048731
5522-JBWMO,0.5525614175841155
3500-RMZLT,0.391378241049325
6908-VVYHM,0.3016687752255299
7707-PYBBH,0.09348080688858282
1830-GGFNM,0.04397088633636637
9577-WJVCQ,0.07590937078799329
3518-PZXZQ,0.5711013326658995
7817-OMJNA,0.03927661937781991
5729-KLZAR,0.6357542724834973
2205-LPVGL,0.06443081749854006
6313-GIDIT,0.3405458692241596
2037-SGXHH,0.42944878284637455
8221-EQDGL,0.09396578742503399
9093-FPDLG,0.5251324943995721
5734-EJKXG,0.1697632903080618
7410-OIEDU,0.4150701137053741
9835-ZIITK,0.3094032535164195
3930-ZGWVE,0.3060212315298478
2718-GAXQD,0.4114813538074677
0799-DDIHE,0.2568387754874799
9142-XMYJH,0.06323467045576596
6030-REHUX,0.5441117102709077
7595-EHCDL,0.1859398540418655
2335-GSODA,0.03731750356150789
9705-ZJBCG,0.05808346240892294
2808-CHTDM,0.023158243988820087
3750-CKVKH,0.7447088418555836
0468-YRPXN,0.4013415318265032
2650-GYRYL,0.03558759296140752
3097-PYWXL,0.24130937928115975
6923-EFPNL,0.40967440910168657
4782-OSFXZ,0.03163304154185456
0220-EBGCE,0.7856548976991269
4163-HFTUK,0.04119286227407405
4324-BZCKL,0.2608160491354012
9076-AXYIK,0.1279336902618676
5118-MUEYH,0.3697807131497576
2267-WTPYD,0.24156249448840805
2039-JONDJ,0.04382288905642672
8631-WUXGY,0.4675549349623573
9492-TOKRI,0.38303645636406236
6584-VQMYT,0.03973883586929377
0458-HEUZG,0.08145331657487144
5995-OIGLP,0.13451090992364903
1343-EHPYB,0.40772566357748036
5522-NYKPB,0.33103417733773144
6121-VZNQB,0.26485286446547346
2082-OJVTK,0.45809118959292855
3893-JRNFS,0.16298177823899324
1228-ZLNBX,0.3198240431639474
9095-HFAFX,0.6655473879037007
3740-RLMVT,0.045426526085742505
1845-CSBRZ,0.35692061485911253
5331-RGMTT,0.35807038835722593
0750-EBAIU,0.08541467353883449
1370-GGAWX,0.25572730835289287
3086-RUCRN,0.17341828711296248
0897-FEGMU,0.7712634520218443
9822-BIIGN,0.12063368033914966
0406-BPDVR,0.24351443681100948
3570-YUEKJ,0.22321738851367506
7547-EKNFS,0.3255014799580095
6646-JPPHA,0.3802809179042741
7136-IHZJA,0.09858703885285075
2453-SAFNS,0.06842488646305372
9938-PRCVK,0.019301323396387918
3689-MOZGR,0.2826941583515021
8397-MVTAZ,0.5733985283053807
8413-YNHNV,0.02338119586358034
0880-FVFWF,0.23398582873235943
6637-KYRCV,0.545733418728706
5268-DSMNQ,0.1588416662411497
1088-AUUZZ,0.028059214097438112
2967-MXRAV,0.11581741423461862
6267-DCFFZ,0.4526377673017011
0570-BFQHT,0.5228878919735599
1150-WFARN,0.06023465736129675
7465-ZZRVX,0.8033224366696388
6016-NXBNJ,0.03784411196518729
9281-CEDRU,0.029907491426921274
3026-ATZYV,0.05735797069852774
2000-DHJUY,0.03307846574314438
7632-YUTXB,0.0316129350581163
2408-WITXK,0.6565465163644588
9117-SHLZX,0.6314435136337019
2761-OCIAX,0.7107126901773105
8816-VXNZD,0.8371196235647713
9614-RMGHA,0.21047117067466972
9330-DHBFL,0.046064657181288264
9578-FOMUK,0.16003261238362626
3551-HUAZH,0.8354665661905084
1784-BXEFA,0.11581507292218628
4636-OLWOE,0.08663980860798622
3644-QXEHN,0.5566161848563369
8382-SHQEH,0.7040150256536778
5879-HMFFH,0.021121799546885527
5493-SDRDQ,0.38792321910868416
4018-KJYUY,0.06616430291603201
8008-HAWED,0.4966938845705027
6645-MXQJT,0.6154415953784681
0788-DXBFY,0.04730529639721924
8042-RNLKO,0.028612138602644475
3669-LVWZB,0.506156920147458
7527-QNRUS,0.03140286411706159
3642-GKTCT,0.11696462987416627
9152-AMKAK,0.07613619753059894
5071-FBJFS,0.2963269407283824
9620-ENEJV,0.5499053210345228
3340-QBBFM,0.07146594510917813
9817-APLHW,0.14308516236889784
3541-ZNUHK,0.22664749767200842
1427-VERSM,0.3791147112245475
7562-UXTPG,0.4964664279079246
0080-OROZO,0.31661926677935825
7055-HNEOJ,0.358634859762704
3387-VATUS,0.8393355604013404
3976-BWUCK,0.29455919755596716
4468-YDOVK,0.30057785578011653
5149-QYTTU,0.053407951304483586
6252-DFGTK,0.046405052883622386
7161-DFHUF,0.017487395065964882
5804-HYIEZ,0.2977339192629797
5298-GSTLM,0.15164091037597738
2359-KMGLI,0.48490649956342746
2692-PFYTJ,0.27954535095141
5930-GBIWP,0.028175857058591394
5110-CHOPY,0.05817778333934569
9822-OAOVB,0.6528384015831286
6172-FECYY,0.3417707646156358
2665-NPTGL,0.5633025156817423
5061-PBXFW,0.07109335737520302
2580-ATZSQ,0.03438981502910737
2114-MGINA,0.5521186758518422
2195-ZRVAX,0.32225682694965896
5482-VXSXJ,0.40237084367817283
3569-VLDHH,0.05795363711073902
3629-ZNKXA,0.6586798895603464
7623-HKYRK,0.13022104036400237
6368-TZZDT,0.04487163996924661
2088-IEBAU,0.045871691014519676
5035-BVCXS,0.45523974834686076
4701-MLJPN,0.20571976269053635
7609-YBPXG,0.028822985083393454
8245-UMPYT,0.7353763537439765
5505-OVWQW,0.036237310467001314
9919-YLNNG,0.3686036866910385
9741-YLNTD,0.5770469513458641
8292-ITGYJ,0.024439756514260128
8873-GLDMH,0.6581928138676291
3948-FVVRP,0.14470465577634634
3422-WJOYD,0.0410119237804006
9107-UKCKY,0.14750748901074104
9039-ZVJDC,0.20144432268480997
2697-NQBPF,0.5125535121298334
7036-TYDEC,0.11369045039865237
9360-AHGNL,0.20856891478373177
8725-JEDFD,0.33364525727951166
0266-CLZKZ,0.096647750248511
8148-WOCMK,0.028511373657937943
4753-PADAS,0.1921274029593836
8784-CGILN,0.4865951600570876
7336-RLLRH,0.06484546006180873
5353-WILCI,0.1273899301393487
8777-PVYGU,0.057497918501180696
6265-SXWBU,0.08801999019913724
6152-ONASV,0.03633330942634819
3429-IFLEM,0.01966274943711643
7109-MFBYV,0.20356289856538448
3417-TSCIC,0.11848859591606062
0308-IVGOK,0.14338200614168758
7410-YTJIK,0.5416709320107264
7924-GJZFI,0.4877818228259121
1897-OKVMW,0.02625245799380727
6481-LXPWL,0.08217361393012701
3223-DWFIO,0.6320868237694701
4706-DGAHW,0.7486648072078055
4628-CTTLA,0.24716515671251982
6202-JVYEU,0.0794420758763817
6897-UUBNU,0.20927066871311126
1818-ESQMW,0.4040933736055604
8652-YHIYU,0.13721094208210163
4713-LZDRV,0.762957808301364
0221-WMXNQ,0.4850555396711398
9767-FFLEM,0.32966478946170336
7841-FCRQD,0.0684315565783253
2232-DMLXU,0.4914698330293916
5840-NVDCG,0.03353218258038484
4693-VWVBO,0.23103331471553776
4024-CSNBY,0.03583259127155465
8550-XSXUQ,0.10620237233834115
7601-GNDYK,0.019072043347367163
1866-ZSLJM,0.06768386257409835
9191-MYQKX,0.5958914052933297
2606-PKWJB,0.058158592342830356
4160-AMJTL,0.16322038643856457
1563-IWQEX,0.09532892934747456
7609-NRNCA,0.03386914435660675
5294-CDGWY,0.09332038845461227
3108-PCCGG,0.03476499900051402
9696-RMYBA,0.6630727075952765
0607-DAAHE,0.018659781557399606
4301-VVZKA,0.5825051457541008
3090-HAWSU,0.06563801975968674
0248-PGHBZ,0.04672609143290505
2027-WKXMW,0.3552508168011872
3508-VLHCZ,0.024060389337562098
4501-VCPFK,0.23187468765264294
6817-WTYHE,0.40098560999100685
5135-GRQJV,0.06064865074533946
2773-MADBQ,0.03986798160462311
3967-KXAPS,0.02024623575347589
7395-XWZOY,0.13427764865214817
2931-VUVJN,0.11899715939721757
3810-DVDQQ,0.048055681623138675
2657-ALMWY,0.4193358120182679
0374-AACSZ,0.4007307193164504
5260-UMPWX,0.0745800534218497
0111-KLBQG,0.3795606487424422
2499-AJYUA,0.08963948457937622
9560-ARGQJ,0.507059655239631
5215-LNLDJ,0.5525140454448343
8512-WIWYV,0.02987639150236731
3521-HTQTV,0.022123998771198868
7746-AWNQW,0.18321113979413675
8079-XRJRS,0.0725718556986946
8486-AYEQH,0.4747009887878011
1260-TTRXI,0.46266380839201454
7717-BICXI,0.015653574263793952
9786-IJYDL,0.09470675700854514
3957-LXOLK,0.610203812732722
5808-TOTXO,0.09977423457658675
6121-TNHBO,0.04606079396407228
7606-BPHHN,0.018273649381334786
3552-CTCYF,0.11337920099935697
9142-KZXOP,0.2584914332696951
3763-GCZHZ,0.2441727668034771
3177-LASXD,0.680168215388424
1481-ZUWZA,0.28097772597966697
7072-MBHEV,0.48734041681949913
3946-JEWRQ,0.22871222406483357
3466-BYAVD,0.17763537145340685
6173-GOLSU,0.31720150826738197
9531-NSBMR,0.03784411196518729
9365-CSLBQ,0.020336951842242174
8469-SNFFH,0.03516192745049166
4877-EVATK,0.5488912813795105
1548-ARAGG,0.30604110266303236
4065-JJAVA,0.44701966372787977
7319-ZNRTR,0.048854698541463695
9389-ACWBI,0.5211696586742588
8745-PVESG,0.053531355887468754
8350-NYMVI,0.11849106536906837
8361-LTMKD,0.6618576816733757
7480-QNVZJ,0.5221518604908494
0661-XEYAN,0.7536482038450848
2272-WUSPA,0.08591784380640732
5229-PRWKT,0.7901111745476727
8217-QYOHV,0.2752852393113077
6285-FTQBF,0.015320491832340239
9824-QCJPK,0.030770544710350022
7296-PIXQY,0.38699630240624766
4987-GQWPO,0.2039474694392865
3423-HHXAO,0.047047766683397475
8749-JMNKX,0.27060600204257046
5456-ITGIC,0.03318074155791154
9710-NJERN,0.019970388977447226
4598-ZADCK,0.11998461751225326
3967-VQOGC,0.02054449684983698
8626-XHBIE,0.022311698912810585
9448-REEVD,0.4272839658093915
0675-NCDYU,0.05081776738500892
2309-OSFEU,0.4798877856661981
0862-PRCBS,0.08862555983699236
4250-FDVOU,0.24611916228443056
0866-QLSIR,0.05119264800387355
1541-ETJZO,0.5013068934164422
1684-FLBGS,0.15406677220515064
9611-CTWIH,0.7464022961570697
8008-OTEZX,0.029400941158690946
4881-JVQOD,0.5182353864540784
0744-GKNGE,0.12041448403978289
4629-NRXKX,0.6095705741548086
9124-LHCJQ,0.791479994504306
6923-AQONU,0.02007379149502689
3143-ILDAL,0.3015269863215851
5133-POWUA,0.6314435136337019
8098-LLAZX,0.8534869037375613
8718-PTMEZ,0.4396073868642154
4323-OHFOW,0.19289058690540753
5542-DHSXL,0.2179218966340435
2732-ISEZX,0.18417262548105157
3186-BAXNB,0.5747468007278786
0264-CNITK,0.01612423478517269
3440-JPSCL,0.6786849153016673
7379-POKDZ,0.6757131797757178
2398-YPMUR,0.5823863074593536
4763-PGDPO,0.5996193009677053
8234-GSZYK,0.02186193568465956
7729-XBTWX,0.01880199274152782
9985-MWVIX,0.7684997989929703
4905-JEFDW,0.2854772797290023
2880-FPNAE,0.7438146555231895
8022-BECSI,0.03308206926116245
2538-OIMXF,0.6633558957492848
6370-ZVHDV,0.018778242738674435
5229-DTFYB,0.13111400552923483
9518-IMLHK,0.10528053818834032
0625-AFOHS,0.018691498249925314
0303-UNCIP,0.09302028810290612
7812-FZHPE,0.07914025057322244
0835-JKADZ,0.11967663463503346
8073-IJDCM,0.30971920355546195
0580-PIQHM,0.11342211887927471
5619-XZZKR,0.08500136155070888
8740-XLHDR,0.24446282665082328
1291-CUOCY,0.08637605817962746
6440-DKQGE,0.06162629890497616
6899-PPEEA,0.6021668948790967
7126-RBHSD,0.3758443288092135
6022-KOUQO,0.429453987806326
8035-PWSEV,0.6371812931577747
9209-NWPGU,0.06283165798301898
6777-TGHTM,0.16677869987957678
2193-SFWQW,0.03924240417930132
6481-OGDOO,0.0692477377168423
6762-QVYJO,0.030563935907487755
0895-LMRSF,0.14880526615901749
0196-JTUQI,0.5619430791954011
7321-ZNSLA,0.03642860596411206
3069-SSVSN,0.3644051048261926
5816-JMLGY,0.03807534213205557
2639-UGMAZ,0.12695654805125262
1439-LCGVL,0.03125465704389844
1455-ESIQH,0.8389536282006552
4918-FYJNT,0.22972293219327775
4908-XAXAY,0.15635778759446434
3811-VBYBZ,0.8043209302741609
5124-EOGYE,0.019383798147291905
6727-IOTLZ,0.05309062482428272
2277-AXSDC,0.03016375677260122
0206-OYVOC,0.022667772493968685
5057-LCOUI,0.4211868228173086
3796-ENZGF,0.03292679439615454
6972-SNKKW,0.13625492639380826
3969-GYXEL,0.40822382199707674
8896-RAZCR,0.019072043347367163
2688-BHGOG,0.6810533178090746
5536-RTPWK,0.3937147285973758
4070-OKWVH,0.21609651551261774
6010-DDPPW,0.018418937560872116
2081-KJSQF,0.3320367033773715
1241-EZFMJ,0.018778242738674435
7598-UAASY,0.6379126998579168
4720-VSTSI,0.29261065027197064
5181-OABFK,0.03217875119410097
1170-SASML,0.19328611542089688
5981-ZVXOT,0.29233983148879755
4361-JEIVL,0.6086457455055065
9732-EQMWY,0.39420939511656794
9921-ZVRHG,0.6009273998117081
3677-TNKIO,0.47527400796587804
2404-JIBFC,0.03234038155320173
4396-KLSEH,0.28467094910756274
6196-HBOBZ,0.10531582203988822
6257-DTAYD,0.08880601668198408
7595-EUIVN,0.6732973331176278
6198-ZFIOJ,0.6589991094207264
0872-CASZJ,0.053045205405528345
4445-KWOKW,0.06088776278466894
4625-EWPTF,0.39641885071394073
4981-FLTMF,0.0635474267856403
3088-FVYWK,0.019412301552137554
9174-FKWZE,0.5321959726224094
1403-GYAFU,0.01593208219063603
0208-BPQEJ,0.09151266235009249
7711-GQBZC,0.01666294111345605
6579-JPICP,0.2699454667811605
5600-PDUJF,0.3137588076602281
1431-CYWMH,0.06646323289712384
6906-MPARY,0.12734547641744695
2346-LOCWC,0.017744607431516023
9479-HYNYL,0.026746164908640485
8996-ZROXE,0.11678011288316292
0639-TSIQW,0.19799551472353985
9617-INGJY,0.7684997989929703
6591-QGOYB,0.4165307692989238
1725-IQNIY,0.07079661749738303
2501-XWWTZ,0.43684516282461305
6960-HVYXR,0.7803959104578028
2898-MRKPI,0.16768172150356433
3005-NFMTA,0.42824155966751315
8727-JQFHV,0.017851910547315043
7721-DVEKZ,0.3060212315298478
5564-NEMQO,0.8116805277475809
3963-RYFNS,0.05242747567389394
6692-UDPJC,0.4799014910151545
4826-TZEVA,0.2409320685305696
6663-JOCQO,0.060020707527997
7691-XVTZH,0.03802554909979331
3785-KTYSH,0.020928768044691546
1353-LJWEM,0.24911972791583775
6979-TNDEU,0.09941360140712721
2676-SSLTO,0.052355031851010835
8992-JQYUN,0.7373065490480916
8573-JGCZW,0.04562585617795541
9570-KYEUA,0.05088190558272108
2565-JSLRY,0.3695856463281608
0014-BMAQU,0.036890622628060116
2040-XBAVJ,0.04045636343968787
6896-SRVYQ,0.2616310976748084
9824-BEMCV,0.46889956892305584
3863-QSTYI,0.16321227362713378
5277-ZLOOR,0.795352554413943
5174-RNGBH,0.16120382908168565
8942-DBMHZ,0.09339693924260944
8450-LUGUK,0.025534450973388807
8393-JMVMB,0.1818599611420337
5012-YSPJJ,0.10414834759656388
1237-WIYYZ,0.08627092278552291
2172-EJXVF,0.27976247748543565
1195-OIYEJ,0.6538992728424197
6878-GGDWG,0.06396024661544823
1658-BYGOY,0.6443031388299946
7501-IWUNG,0.042762215705603145
4190-MFLUW,0.1740096670331943
6128-CZOMY,0.7941720228910325
6478-HRRCZ,0.046049289097942044
6103-BOCOU,0.5105028674584963
0637-UBJRP,0.4049642455710666
6050-FFXES,0.09025018361503787
3727-OVPRY,0.03181477007559417
2272-JKMSI,0.2223511149667115
2436-QBZFP,0.262966801474093
2740-JFBOK,0.18536606153846516
5448-VWNAM,0.13180683526223777
9782-LGXMC,0.07704453989389935
1324-NLTJE,0.20450523287878508
6445-TNRXS,0.05525385853089237
2978-XXSOG,0.12470536924303169
0822-QGCXA,0.24951549116137578
6161-ERDGD,0.06307247162366729
7246-ZGQDF,0.28272602458306534
8731-WBBMB,0.12470598738762388
0048-PIHNL,0.030205070836213658
3976-HXHCE,0.015954053474149316
2873-ZLIWT,0.3635920989579271
6814-ZPWFQ,0.0408605490575313
7134-HBPBS,0.08754215261360827
8630-FJLIB,0.47853556517471857
0868-VJRDR,0.06177207211499253
6946-LMSQS,0.27119648441860444
9402-ROUMJ,0.09937946520749522
8646-JCOMS,0.07865168447476314
6164-HAQTX,0.02901209436908958
8837-VVWLQ,0.4287291681924686
6828-HMKWP,0.02738003235923197
8775-CEBBJ,0.3069289655457465
7852-LECYP,0.41718524933159246
0207-MDKNV,0.4278872245897099
3736-BLEPA,0.11581461378696425
7925-PNRGI,0.0849516456778559
6322-HRPFA,0.0703590750924766
3657-COGMW,0.2975439225654863
8080-DDEMJ,0.764907985760671
0298-XACET,0.03968549603619182
2428-ZMCTB,0.09532892934747456
9753-OYLBX,0.24424817999020362
6877-LGWXO,0.4757853217013984
8751-EDEKA,0.35049928094035154
5569-KGJHX,0.5766555076111456
7206-GZCDC,0.8807769705793046
6848-YLDFR,0.07864259245325748
2959-EEXWB,0.18034089068454007
2604-XVDAM,0.219265935719516
7599-FKVXZ,0.3862645234730885
3445-HXXGF,0.30429120722675806
8739-XNIKG,0.7405421501342662
6051-PTVNS,0.027804092240266393
5027-YOCXN,0.10923614742247312
8065-QBYTO,0.08559982683293658
9415-ZNBSX,0.02611103518285964
6582-PLFUU,0.01843797909274703
8417-FMLZI,0.5913865685048685
4484-CGXFK,0.5528123465357128
5084-OOVCJ,0.12435669839210735
5286-YHCVC,0.10791919011326663
2363-BJLSL,0.11161617138171022
3413-CSSTH,0.19568186640741606
5130-IEKQT,0.49840933023619455
8208-EUMTE,0.039101694393088984
0003-MKNFE,0.3261853999954831
0942-KOWSM,0.03892966808209442
8120-JDCAM,0.6003444604874428
4702-HDRKD,0.05401261350628741
4115-NZRKS,0.7687291374641695
3137-LUPIX,0.3945094201608284
2908-ZTPNF,0.1540179805402867
7330-WZLNC,0.7227888231113848
7481-ATQQS,0.33410522736092335
9547-ITEFG,0.654408593553707
5993-BQHEA,0.044176961823893454
5186-PEIZU,0.06520119347282277
1228-FZFRV,0.23525260233710052
6257-RJOHI,0.34230411866518023
1960-UOTYM,0.03785723316747534
6862-CQUMB,0.3802863602112728
3398-GCPMU,0.026361099771276625
8792-AOROI,0.04765984985428628
3806-YAZOV,0.16620861748726712
7641-EUYET,0.41887620182773433
7927-AUXBZ,0.3028777820012948
0266-GMEAO,0.046657369980674226
1478-VPOAD,0.5445495121574485
0685-MLYYM,0.634282350488765
2833-SLKDQ,0.5678454357127849
4587-VVTOX,0.8223067392384545
2038-LLMLM,0.49032298290155407
9046-JBFWA,0.06113940293880037
1627-AFWVJ,0.019572276809268572
2235-DWLJU,0.677658312415508
9239-GZHZE,0.050908757703456445
0520-FDVVT,0.23683191612524845
8734-FNWVH,0.1630783108969572
8818-DOPVL,0.5820256454723907
4817-QRJSX,0.5081530496128486
1329-VHWNP,0.37267636530173276
9509-MPYOD,0.03047758033238558
8409-WQJUX,0.15134171260038187
5043-TRZWM,0.7257288779073465
8808-ELEHO,0.6850837190300023
6112-KTHFQ,0.11126914192286864
1557-EMYVT,0.07603935871781571
3904-UKFRE,0.6369801906195448
4318-RAJVY,0.05550408523209061
8498-XXGWA,0.08479307006358149
4816-LXZYW,0.48831370783562666
4724-WXVWF,0.3057383629817472
7945-HLKEA,0.05379118022641732
2786-GCDPI,0.5034829273964962
4737-HOBAX,0.03889241908694167
8109-YUOHE,0.05471207778418894
7754-IXRMC,0.5460668034068494
1407-DIGZV,0.080639865392016
1272-ILHFG,0.042396874640010206
9838-BFCQT,0.015320491832340239
